agency_id,category_id,id,created_date,updated_date,created_by_id,created_by,is_sample
"69926debe8ad702015479f61","69926debe8ad702015479f4f","69926e11e8ad702015479f95","2026-02-16T01:08:33.261000","2026-02-16T01:08:33.261000","699175bf29cd26bbd2653c05","abhipatel8675@gmail.com","false"
"69926debe8ad702015479f62","69926debe8ad702015479f4f","69926e11e8ad702015479f96","2026-02-16T01:08:33.261000","2026-02-16T01:08:33.261000","699175bf29cd26bbd2653c05","abhipatel8675@gmail.com","false"
"69926debe8ad702015479f63","69926debe8ad702015479f4f","69926e11e8ad702015479f97","2026-02-16T01:08:33.261000","2026-02-16T01:08:33.261000","699175bf29cd26bbd2653c05","abhipatel8675@gmail.com","false"
"69926debe8ad702015479f64","69926debe8ad702015479f4f","69926e11e8ad702015479f98","2026-02-16T01:08:33.261000","2026-02-16T01:08:33.261000","699175bf29cd26bbd2653c05","abhipatel8675@gmail.com","false"
"69926debe8ad702015479f65","69926debe8ad702015479f4f","69926e11e8ad702015479f99","2026-02-16T01:08:33.261000","2026-02-16T01:08:33.261000","699175bf29cd26bbd2653c05","abhipatel8675@gmail.com","false"
"69926debe8ad702015479f66","69926debe8ad702015479f50","69926e11e8ad702015479f9a","2026-02-16T01:08:33.261000","2026-02-16T01:08:33.261000","699175bf29cd26bbd2653c05","abhipatel8675@gmail.com","false"
"69926debe8ad702015479f67","69926debe8ad702015479f50","69926e11e8ad702015479f9b","2026-02-16T01:08:33.261000","2026-02-16T01:08:33.261000","699175bf29cd26bbd2653c05","abhipatel8675@gmail.com","false"
"69926debe8ad702015479f68","69926debe8ad702015479f50","69926e11e8ad702015479f9c","2026-02-16T01:08:33.261000","2026-02-16T01:08:33.261000","699175bf29cd26bbd2653c05","abhipatel8675@gmail.com","false"
"69926debe8ad702015479f69","69926debe8ad702015479f50","69926e11e8ad702015479f9d","2026-02-16T01:08:33.261000","2026-02-16T01:08:33.261000","699175bf29cd26bbd2653c05","abhipatel8675@gmail.com","false"
"69926debe8ad702015479f6a","69926debe8ad702015479f50","69926e11e8ad702015479f9e","2026-02-16T01:08:33.261000","2026-02-16T01:08:33.261000","699175bf29cd26bbd2653c05","abhipatel8675@gmail.com","false"
"69926debe8ad702015479f6b","69926debe8ad702015479f51","69926e11e8ad702015479f9f","2026-02-16T01:08:33.261000","2026-02-16T01:08:33.261000","699175bf29cd26bbd2653c05","abhipatel8675@gmail.com","false"
"69926debe8ad702015479f6c","69926debe8ad702015479f51","69926e11e8ad702015479fa0","2026-02-16T01:08:33.261000","2026-02-16T01:08:33.261000","699175bf29cd26bbd2653c05","abhipatel8675@gmail.com","false"
"69926debe8ad702015479f6d","69926debe8ad702015479f51","69926e11e8ad702015479fa1","2026-02-16T01:08:33.261000","2026-02-16T01:08:33.261000","699175bf29cd26bbd2653c05","abhipatel8675@gmail.com","false"
"69926debe8ad702015479f6e","69926debe8ad702015479f51","69926e11e8ad702015479fa2","2026-02-16T01:08:33.261000","2026-02-16T01:08:33.261000","699175bf29cd26bbd2653c05","abhipatel8675@gmail.com","false"
"69926debe8ad702015479f6f","69926debe8ad702015479f51","69926e11e8ad702015479fa3","2026-02-16T01:08:33.261000","2026-02-16T01:08:33.261000","699175bf29cd26bbd2653c05","abhipatel8675@gmail.com","false"
"69926debe8ad702015479f70","69926debe8ad702015479f52","69926e11e8ad702015479fa4","2026-02-16T01:08:33.261000","2026-02-16T01:08:33.261000","699175bf29cd26bbd2653c05","abhipatel8675@gmail.com","false"
"69926debe8ad702015479f71","69926debe8ad702015479f52","69926e11e8ad702015479fa5","2026-02-16T01:08:33.261000","2026-02-16T01:08:33.261000","699175bf29cd26bbd2653c05","abhipatel8675@gmail.com","false"
"69926debe8ad702015479f72","69926debe8ad702015479f52","69926e11e8ad702015479fa6","2026-02-16T01:08:33.261000","2026-02-16T01:08:33.261000","699175bf29cd26bbd2653c05","abhipatel8675@gmail.com","false"
"69926debe8ad702015479f73","69926debe8ad702015479f52","69926e11e8ad702015479fa7","2026-02-16T01:08:33.261000","2026-02-16T01:08:33.261000","699175bf29cd26bbd2653c05","abhipatel8675@gmail.com","false"
"69926debe8ad702015479f74","69926debe8ad702015479f52","69926e11e8ad702015479fa8","2026-02-16T01:08:33.261000","2026-02-16T01:08:33.261000","699175bf29cd26bbd2653c05","abhipatel8675@gmail.com","false"
"69926debe8ad702015479f75","69926debe8ad702015479f53","69926e11e8ad702015479fa9","2026-02-16T01:08:33.261000","2026-02-16T01:08:33.261000","699175bf29cd26bbd2653c05","abhipatel8675@gmail.com","false"
"69926debe8ad702015479f76","69926debe8ad702015479f53","69926e11e8ad702015479faa","2026-02-16T01:08:33.261000","2026-02-16T01:08:33.261000","699175bf29cd26bbd2653c05","abhipatel8675@gmail.com","false"
"69926debe8ad702015479f77","69926debe8ad702015479f53","69926e11e8ad702015479fab","2026-02-16T01:08:33.261000","2026-02-16T01:08:33.261000","699175bf29cd26bbd2653c05","abhipatel8675@gmail.com","false"
"69926debe8ad702015479f78","69926debe8ad702015479f53","69926e11e8ad702015479fac","2026-02-16T01:08:33.261000","2026-02-16T01:08:33.261000","699175bf29cd26bbd2653c05","abhipatel8675@gmail.com","false"
"69926debe8ad702015479f79","69926debe8ad702015479f53","69926e11e8ad702015479fad","2026-02-16T01:08:33.261000","2026-02-16T01:08:33.261000","699175bf29cd26bbd2653c05","abhipatel8675@gmail.com","false"
"69926debe8ad702015479f7a","69926debe8ad702015479f54","69926e11e8ad702015479fae","2026-02-16T01:08:33.261000","2026-02-16T01:08:33.261000","699175bf29cd26bbd2653c05","abhipatel8675@gmail.com","false"
"69926debe8ad702015479f7b","69926debe8ad702015479f54","69926e11e8ad702015479faf","2026-02-16T01:08:33.261000","2026-02-16T01:08:33.261000","699175bf29cd26bbd2653c05","abhipatel8675@gmail.com","false"
"69926debe8ad702015479f7c","69926debe8ad702015479f54","69926e11e8ad702015479fb0","2026-02-16T01:08:33.261000","2026-02-16T01:08:33.261000","699175bf29cd26bbd2653c05","abhipatel8675@gmail.com","false"
"69926debe8ad702015479f7d","69926debe8ad702015479f54","69926e11e8ad702015479fb1","2026-02-16T01:08:33.261000","2026-02-16T01:08:33.261000","699175bf29cd26bbd2653c05","abhipatel8675@gmail.com","false"
"69926debe8ad702015479f7e","69926debe8ad702015479f54","69926e11e8ad702015479fb2","2026-02-16T01:08:33.261000","2026-02-16T01:08:33.261000","699175bf29cd26bbd2653c05","abhipatel8675@gmail.com","false"
"69926debe8ad702015479f7f","69926debe8ad702015479f55","69926e11e8ad702015479fb3","2026-02-16T01:08:33.261000","2026-02-16T01:08:33.261000","699175bf29cd26bbd2653c05","abhipatel8675@gmail.com","false"
"69926debe8ad702015479f80","69926debe8ad702015479f55","69926e11e8ad702015479fb4","2026-02-16T01:08:33.261000","2026-02-16T01:08:33.261000","699175bf29cd26bbd2653c05","abhipatel8675@gmail.com","false"
"69926debe8ad702015479f81","69926debe8ad702015479f55","69926e11e8ad702015479fb5","2026-02-16T01:08:33.261000","2026-02-16T01:08:33.261000","699175bf29cd26bbd2653c05","abhipatel8675@gmail.com","false"
"69926debe8ad702015479f82","69926debe8ad702015479f55","69926e11e8ad702015479fb6","2026-02-16T01:08:33.261000","2026-02-16T01:08:33.261000","699175bf29cd26bbd2653c05","abhipatel8675@gmail.com","false"
"69926debe8ad702015479f83","69926debe8ad702015479f55","69926e11e8ad702015479fb7","2026-02-16T01:08:33.261000","2026-02-16T01:08:33.261000","699175bf29cd26bbd2653c05","abhipatel8675@gmail.com","false"
"69926debe8ad702015479f84","69926debe8ad702015479f56","69926e11e8ad702015479fb8","2026-02-16T01:08:33.261000","2026-02-16T01:08:33.261000","699175bf29cd26bbd2653c05","abhipatel8675@gmail.com","false"
"69926debe8ad702015479f85","69926debe8ad702015479f56","69926e11e8ad702015479fb9","2026-02-16T01:08:33.261000","2026-02-16T01:08:33.261000","699175bf29cd26bbd2653c05","abhipatel8675@gmail.com","false"
"69926debe8ad702015479f86","69926debe8ad702015479f56","69926e11e8ad702015479fba","2026-02-16T01:08:33.261000","2026-02-16T01:08:33.261000","699175bf29cd26bbd2653c05","abhipatel8675@gmail.com","false"
"69926debe8ad702015479f87","69926debe8ad702015479f56","69926e11e8ad702015479fbb","2026-02-16T01:08:33.261000","2026-02-16T01:08:33.261000","699175bf29cd26bbd2653c05","abhipatel8675@gmail.com","false"
"69926debe8ad702015479f88","69926debe8ad702015479f56","69926e11e8ad702015479fbc","2026-02-16T01:08:33.261000","2026-02-16T01:08:33.261000","699175bf29cd26bbd2653c05","abhipatel8675@gmail.com","false"
"69926debe8ad702015479f57","69926debe8ad702015479f4d","69926e11e8ad702015479f8b","2026-02-16T01:08:33.260000","2026-02-16T01:08:33.260000","699175bf29cd26bbd2653c05","abhipatel8675@gmail.com","false"
"69926debe8ad702015479f58","69926debe8ad702015479f4d","69926e11e8ad702015479f8c","2026-02-16T01:08:33.260000","2026-02-16T01:08:33.260000","699175bf29cd26bbd2653c05","abhipatel8675@gmail.com","false"
"69926debe8ad702015479f59","69926debe8ad702015479f4d","69926e11e8ad702015479f8d","2026-02-16T01:08:33.260000","2026-02-16T01:08:33.260000","699175bf29cd26bbd2653c05","abhipatel8675@gmail.com","false"
"69926debe8ad702015479f5a","69926debe8ad702015479f4d","69926e11e8ad702015479f8e","2026-02-16T01:08:33.260000","2026-02-16T01:08:33.260000","699175bf29cd26bbd2653c05","abhipatel8675@gmail.com","false"
"69926debe8ad702015479f5b","69926debe8ad702015479f4d","69926e11e8ad702015479f8f","2026-02-16T01:08:33.260000","2026-02-16T01:08:33.260000","699175bf29cd26bbd2653c05","abhipatel8675@gmail.com","false"
"69926debe8ad702015479f5c","69926debe8ad702015479f4e","69926e11e8ad702015479f90","2026-02-16T01:08:33.260000","2026-02-16T01:08:33.260000","699175bf29cd26bbd2653c05","abhipatel8675@gmail.com","false"
"69926debe8ad702015479f5d","69926debe8ad702015479f4e","69926e11e8ad702015479f91","2026-02-16T01:08:33.260000","2026-02-16T01:08:33.260000","699175bf29cd26bbd2653c05","abhipatel8675@gmail.com","false"
"69926debe8ad702015479f5e","69926debe8ad702015479f4e","69926e11e8ad702015479f92","2026-02-16T01:08:33.260000","2026-02-16T01:08:33.260000","699175bf29cd26bbd2653c05","abhipatel8675@gmail.com","false"
"69926debe8ad702015479f5f","69926debe8ad702015479f4e","69926e11e8ad702015479f93","2026-02-16T01:08:33.260000","2026-02-16T01:08:33.260000","699175bf29cd26bbd2653c05","abhipatel8675@gmail.com","false"
"69926debe8ad702015479f60","69926debe8ad702015479f4e","69926e11e8ad702015479f94","2026-02-16T01:08:33.260000","2026-02-16T01:08:33.260000","699175bf29cd26bbd2653c05","abhipatel8675@gmail.com","false"
"699215a6eeb28e0bc4b3fb52","699204c795bb319118b5e7c4","69924569b27e4b28292b8b90","2026-02-15T22:15:05.998000","2026-02-15T22:15:05.998000","699175bf29cd26bbd2653c05","abhipatel8675@gmail.com","false"
"699215a6eeb28e0bc4b3fb52","699204c795bb319118b5e7c3","69924569b27e4b28292b8b91","2026-02-15T22:15:05.998000","2026-02-15T22:15:05.998000","699175bf29cd26bbd2653c05","abhipatel8675@gmail.com","false"
"699215a6eeb28e0bc4b3fb52","699204c795bb319118b5e7c8","69924569b27e4b28292b8b92","2026-02-15T22:15:05.998000","2026-02-15T22:15:05.998000","699175bf29cd26bbd2653c05","abhipatel8675@gmail.com","false"
"699215a6eeb28e0bc4b3fb52","699204c795bb319118b5e7c5","69924569b27e4b28292b8b93","2026-02-15T22:15:05.998000","2026-02-15T22:15:05.998000","699175bf29cd26bbd2653c05","abhipatel8675@gmail.com","false"
"699215a6eeb28e0bc4b3fb52","699204c795bb319118b5e7c6","69924569b27e4b28292b8b94","2026-02-15T22:15:05.998000","2026-02-15T22:15:05.998000","699175bf29cd26bbd2653c05","abhipatel8675@gmail.com","false"
"699215a6eeb28e0bc4b3fb52","699204c795bb319118b5e7c2","69924569b27e4b28292b8b95","2026-02-15T22:15:05.998000","2026-02-15T22:15:05.998000","699175bf29cd26bbd2653c05","abhipatel8675@gmail.com","false"